Unnamed: 0,_id,ltable_ID,rtable_ID,ltable_Title,ltable_Genre,ltable_Score,ltable_Release Date,ltable_Rating,ltable_Directed By,ltable_Written By,ltable_Studio,rtable_Title,rtable_Genre,rtable_Score,rtable_Release Date,rtable_Rating,rtable_Directed By,rtable_Written By,rtable_Studio,label
1919,1919,A_2947,B_0543,Rock Dog,Adventure;Animation;Comedy,59,2017-02-24,PG,Ash Brannon,Ash Brannon;Kurt Voelker,Huayi Tencent Entertainment Company;Mandoo Pictures;Summit Premiere,Rock Dog,Animation;Comedy;Family,47,2017-02-24,PG,Ash Brannon,Ash Brannon;Kurt Voelker,Summit Premiere,1
291,291,A_0447,B_1658,It Follows,Horror;Mystery,69,2015-03-27,R,David Robert Mitchell,David Robert Mitchell,Animal Kingdom;Northern Lights Films;Two Flints,It Follows,Horror,97,2015-04-03,R,David Robert Mitchell,David Robert Mitchell,Radius-TWC,1
1845,1845,A_2880,B_1986,Prince of Persia: The Sands of Time,Action;Adventure;Fantasy,66,2010-05-28,PG-13,Mike Newell,Boaz Yakin;Doug Miro,Jerry Bruckheimer Films;Walt Disney Pictures,The Color of Time,Drama,5,2014-12-12,R,Alexis Gambis;Brooke Goldfinch;Bruce Thierry Cheung;Edna Luise Biesold;Gabrielle Demeestere;Omar Zuniya Hidalgo;Pamela Romanowsky;Sarah-Violet Bliss;Shripriya Mahesh;Shruti Ganguly;Tine Thomasen;Virginia Urreiztieta,Alexis Gambis;Brooke Goldfinch;Bruce Thierry Cheung;Edna Luise Biesold;Gabrielle Demeestere;Omar Zuniya Hidalgo;Pamela Romanowsky;Sarah-Violet Bliss;Shripriya Mahesh;Shruti Ganguly;Tine Thomasen;Virginia Urreiztieta,,0
1259,1259,A_1876,B_0837,Looking Glass,Thriller,45,2018-02-16,R,Tim Hunter,Jerry Rapp;Matthew Wilder,Kirk Shaw Productions;Prettybird;Silver State Production Services,Alice Through the Looking Glass,Action;Adventure;Family;Fantasy;Sci-Fi,29,2016-05-27,PG,James Bobin,Linda Woolverton,Walt Disney Pictures,0
1077,1077,A_1627,B_2759,Tourism Australia: Dundee - The Son of a Legend Returns Home,Comedy,82,2018-02-04,NOT RATED,Steve Rogers,,Rimfire Films,St Trinian's II: The Legend of Fritton's Gold2009,Action;Adventure;Comedy,14,2009-12-31,NOT RATED,Barnaby Thompson;Oliver Parker,Nick Moorcroft;Piers Ashworth,PreviewNetworks,0
1111,1111,A_1696,B_1349,Teenage Mutant Ninja Turtles: Out of the Shadows,Action;Adventure;Comedy,60,2016-06-03,PG-13,Dave Green,André Nemec;Josh Appelbaum,Nickelodeon Movies;Paramount Pictures;Platinum Dunes,Time Out Of Mind,Drama,79,2015-09-11,NOT RATED,Oren Moverman,Jeffrey Caine;Oren Moverman,,0
713,713,A_1021,B_1240,The Good Dinosaur,Adventure;Animation;Comedy,67,2015-11-25,PG,Peter Sohn,Bob Peterson;Peter Sohn,Pixar Animation Studios;Walt Disney Pictures,The Good Dinosaur,Action;Adventure;Animation;Comedy;Family,77,2015-11-25,PG,Peter Sohn,Meg LeFauve,Disney/Pixar,1
401,401,A_0603,B_0903,What Happened to Monday,Action;Adventure,69,2017-08-18,TV-MA,Tommy Wirkola,Kerry Williamson;Max Botkin,Nexus Factory;Raffaella Productions;SND Films,"What Happened, Miss Simone?",Documentary,87,2015-06-24,NOT RATED,Liz Garbus,,Netflix,0
1222,1222,A_1835,B_2949,Turbo,Adventure;Animation;Comedy,65,2013-07-17,PG,David Soren,Darren Lemke;Robert D. Siegel,DreamWorks Animation,Turbo,Animation;Family,67,2013-07-17,PG,David Soren,Darren Lemke;David Soren,DreamWorks Animation,1
107,107,A_0214,B_0275,The Emoji Movie,Adventure;Animation;Comedy,31,2017-07-28,PG,Tony Leondis,Eric Siegel;Tony Leondis,Columbia Pictures;LStar Capital;Sony Pictures Animation,The Emoji Movie,Animation;Comedy;Family,9,2017-07-28,PG,Anthony Leondis,Anthony Leondis;Eric Siegel;Mike White,Sony Pictures Animation,1
1913,1913,A_2939,B_2642,I Am the Pretty Thing That Lives in the House,Horror;Thriller,46,2016-10-28,NOT RATED,Oz Perkins,Oz Perkins,Go Insane Films;Paris Film;Zed Filmworks,I Am Divine,Documentary,96,2013-10-25,NOT RATED,Jeffrey Schwarz,,Wolfe Releasing,0
1683,1683,A_2662,B_0655,Perfume: The Story of a Murderer,Drama;Fantasy,75,2007-01-05,R,Tom Tykwer,Andrew Birkin;Bernd Eichinger,Constantin Film;Nouvelles �ditions de Films (NEF);VIP 4 Medienfonds,Sound of Redemption: The Frank Morgan Story,Documentary,100,2015-12-02,NOT RATED,N.C. Heikin,N.C. Heikin,Hieronymus Pictures,0
920,920,A_1379,B_1781,Before I Fall,Drama;Mystery,64,2017-03-03,PG-13,Ry Russo-Young,Lauren Oliver;Maria Maggenti,Awesomeness Films;Jon Shestack Productions,Just Before I Go,Comedy;Drama,10,2015-04-24,R,Courteney Cox,Dave Flebotte;David Flebotte,,0
1185,1185,A_1765,B_1892,30 Days of Night,Horror;Thriller,66,2007-10-19,R,David Slade,Steve Niles;Stuart Beattie,Columbia Pictures;Dark Horse Entertainment;Ghost House Pictures,Night at the Museum: Secret of the Tomb,Action;Adventure;Comedy,49,2014-12-19,PG,Shawn Levy,David Guion;Michael Handelman,20th Century Fox,0
517,517,A_0734,B_0300,Miraculous: Tales of Ladybug & Cat Noir,Action;Adventure;Animation,82,1900-1-1,TV-Y7,,,Method Animation;Toei Animation;Zagtoon,Pirates of the Caribbean: Dead Men Tell No Tales,Action;Adventure;Drama,30,2017-05-26,PG-13,Espen Sandberg;Joachim RÃÂ¸nning,Jeff Nathanson,Walt Disney Pictures,0
1513,1513,A_2309,B_1380,Goodnight Mommy,Horror;Mystery;Thriller,67,2015-09-11,R,Severin Fiala;Veronika Franz,Severin Fiala;Veronika Franz,Ulrich Seidl Film Produktion GmbH,"Goodnight Mommy (Ich seh, Ich seh)",Drama;Horror,86,2015-09-11,R,Severin Fiala;Veronika Franz,Severin Fiala;Veronika Franz,Radius-TWC,0
1670,1670,A_2608,B_0617,Solace,Drama;Mystery,64,2016-12-16,R,Afonso Poyart,Sean Bailey;Ted Griffin,Eden Rock Media;FilmNation Entertainment;Flynn Picture Company,Solace,Drama;Mystery;Thriller,25,2016-12-16,R,Afonso Poyart,Sean Bailey;Ted Griffin,,1
1359,1359,A_2041,B_2947,Austin Powers: International Man of Mystery,Adventure;Comedy,70,1997-05-02,PG-13,Jay Roach,Mike Myers,Capella International;Eric's Boy;Juno Pix,Man of Steel,Action;Adventure;Fantasy;Sci-Fi,55,2013-06-14,PG-13,Zack Snyder,Christopher Nolan;David S. Goyer;Kurt Johnstad,Warner Bros. Pictures,0
1963,1963,A_2986,B_2071,Teenage Mutant Ninja Turtles,Action;Adventure;Animation,79,1900-1-1,TV-Y7,,David Wise;Kevin Eastman;Peter Laird,Fred Wolf Films;Mirage Studios;Murakami Wolf Swenson,Teenage Mutant Ninja Turtles,Action;Adventure;Fantasy;Sci-Fi,22,2014-08-08,PG-13,Jonathan Liebesman,AndrÃ© Nemec;Josh Appelbaum,Paramount Pictures,1
1418,1418,A_2144,B_2013,The Boxtrolls,Adventure;Animation;Comedy,68,2014-09-26,PG,Anthony Stacchi;Graham Annable,Adam Pava;Irena Brignull,Focus Features;Laika Entertainment,The Boxtrolls,Action;Adventure;Animation;Comedy;Family;Fantasy;Sci-Fi,75,2014-09-26,PG,Aaron Sorenson;Anthony Stacchi;Graham Annable,Adam Pava;Anthony Stacchi;Irena Brignull;Phil Dale,Focus Features,1
1082,1082,A_1628,B_0776,Life of the Party,Comedy,0,2018-05-11,PG-13,Ben Falcone,Ben Falcone;Melissa McCarthy,New Line Cinema;On the Day;Warner Bros.,The Secret Life of Pets,Animation;Comedy,75,2016-07-08,PG,Chris Renaud;Yarrow Cheney,Brian Lynch;Cinco Paul;Ken Daurio,Universal Pictures,0
1116,1116,A_1696,B_2324,Teenage Mutant Ninja Turtles: Out of the Shadows,Action;Adventure;Comedy,60,2016-06-03,PG-13,Dave Green,André Nemec;Josh Appelbaum,Nickelodeon Movies;Paramount Pictures;Platinum Dunes,Out of the Clear Blue Sky,Documentary,90,2013-09-06,NOT RATED,Danielle Gardner,Danielle Gardner,Area 23a,0
250,250,A_0387,B_2196,Lara Croft Tomb Raider: The Cradle of Life,Action;Adventure;Fantasy,55,2003-07-25,PG-13,Jan de Bont,Dean Georgaris;Steven E. de Souza,British Broadcasting Corporation (BBC);Mutual Film Company;Paramount Pictures,Life Of Crime,Comedy;Drama,65,2014-08-29,R,Daniel Schechter,Daniel Schechter,Roadside Atrractions,0
601,601,A_0860,B_2696,The Hunger Games: Catching Fire,Action;Adventure;Mystery,75,2013-11-22,PG-13,Francis Lawrence,Michael Arndt;Simon Beaufoy,Color Force;Lionsgate,The Hunger Games: Catching Fire,Action;Adventure;Fantasy;Sci-Fi,89,2013-11-22,PG-13,Francis Lawrence,Michael DeBruyn;Simon Beaufoy;Suzanne Collins,Lionsgate Films,1
1677,1677,A_2652,B_0906,Indiana Jones and the Temple of Doom,Action;Adventure,76,1984-05-23,PG,Steven Spielberg,Gloria Katz;Willard Huyck,Lucasfilm;Paramount Pictures,Free State of Jones,Action;Adventure;Drama,46,2016-06-24,R,Gary Ross,Gary Ross,STX Entertainment,0
431,431,A_0652,B_2254,Gods of Egypt,Action;Adventure;Fantasy,54,2016-02-26,PG-13,Alex Proyas,Burk Sharpless;Matt Sazama,Mystery Clock Cinema;Pyramania;Summit Entertainment,Lamb Of God's As The Palaces Burn,Documentary;Musical,80,2014-02-27,NOT RATED,Don Argott,,SpectiCast,0
1155,1155,A_1731,B_2448,The Secret Life of Walter Mitty,Adventure;Comedy;Drama,73,2013-12-25,PG,Ben Stiller,Steve Conrad;Steve Conrad,Samuel Goldwyn Films;TSG Entertainment;Twentieth Century Fox,BB King: The Life of Riley,Documentary;Musical,86,2014-05-21,NOT RATED,Jon Brewer,,Syndctd Entertainment,0
1907,1907,A_2939,B_1292,I Am the Pretty Thing That Lives in the House,Horror;Thriller,46,2016-10-28,NOT RATED,Oz Perkins,Oz Perkins,Go Insane Films;Paris Film;Zed Filmworks,I Am Thor,Documentary,88,2015-11-20,NOT RATED,Ryan Wise,,Blue Lame 61 Productions,0
766,766,A_1107,B_0897,I Now Pronounce You Chuck & Larry,Comedy;Romance,60,2007-07-20,PG-13,Dennis Dugan,Alexander Payne;Barry Fanaro,Happy Madison Productions;Relativity Media;Universal Pictures,Now You See Me 2,Mystery;Thriller,34,2016-06-10,PG-13,Jon M. Chu,Ed Solomon,Lionsgate,0
161,161,A_0280,B_1134,Pirates of the Caribbean: Dead Men Tell No Tales,Action;Adventure;Fantasy,66,2017-05-26,PG-13,Espen Sandberg;Joachim R�nning,Jeff Nathanson;Jeff Nathanson,Infinitum Nihil;Jerry Bruckheimer Films;Walt Disney Pictures,Tale of Tales (Il racconto dei racconti),Fantasy;Horror;Sci-Fi,82,2016-04-22,R,Matteo Garrone,Edoardo Albinati;Massimo Gaudioso;Matteo Garrone;Ugo Chiti,,0
196,196,A_0315,B_0212,Logan Lucky,Comedy;Drama,71,2017-08-18,PG-13,Steven Soderbergh,Rebecca Blunt,Free Association;Trans-Radial Pictures,Logan Lucky,Comedy,93,2017-08-18,PG-13,Steven Soderbergh,Rebecca Blunt,Fingerprint Releasing / Bleecker Street,1
1040,1040,A_1585,B_0085,"Roman J. Israel, Esq.",Drama,64,2017-11-22,PG-13,Dan Gilroy,Dan Gilroy,Bron Studios;Creative Wealth Media Finance;Cross Creek Pictures,"Roman J. Israel, Esq.",Drama,51,2017-11-22,PG-13,Dan Gilroy,Dan Gilroy,Sony Pictures,1
99,99,A_0198,B_0051,My Friend Dahmer,Documentary;Drama;Horror,64,2018-06-01,R,Marc Meyers,Derf Backderf;Marc Meyers,Aperture Entertainment;Attic Light Films;Ibid Filmworks,My Friend Dahmer,Drama,83,2017-11-03,R,Marc Meyers,Marc Meyers,,1
408,408,A_0626,B_1855,Harry Potter and the Chamber of Secrets,Adventure;Family;Fantasy,74,2002-11-15,PG,Chris Columbus,J.K. Rowling;Steve Kloves,1492 Pictures;Heyday Films;Warner Bros.,The Strange Affair of Uncle Harry (Guilty of Murder?) (1945),Classics;Drama;Mystery;Thriller,80,1945-08-17,NOT RATED,Robert Siodmak,Keith Winter;Stephen Longstreet,,0
533,533,A_0735,B_2196,The Book of Life,Adventure;Animation;Comedy,73,2014-10-17,PG,Jorge R. Guti�rrez,Doug Langdale;Jorge R. Guti�rrez,Chatrone;Reel FX Creative Studios;Twentieth Century Fox,Life Of Crime,Comedy;Drama,65,2014-08-29,R,Daniel Schechter,Daniel Schechter,Roadside Atrractions,0
764,764,A_1107,B_0086,I Now Pronounce You Chuck & Larry,Comedy;Romance,60,2007-07-20,PG-13,Dennis Dugan,Alexander Payne;Barry Fanaro,Happy Madison Productions;Relativity Media;Universal Pictures,PokÃÂ©mon The Movie: I Choose You!,,43,2017-11-05,NOT RATED,,,,0
1196,1196,A_1798,B_1430,The Human Centipede II (Full Sequence),Horror,39,2011-11,NOT RATED,Tom Six,Tom Six,Six Entertainment Company,The Human Centipede III (Final Sequence),Horror,18,2015-05-22,NOT RATED,Tom Six,Tom Six,,0
1348,1348,A_2020,B_0462,Power Rangers Ninja Steel,Action;Sci-Fi,67,1900-1-1,TV-Y7,,Haim Saban;Power Rangers Story Department,SCG Power Rangers;Saban Brands,Saban's Power Rangers,Action;Adventure;Drama;Fantasy;Sci-Fi,45,2017-03-24,PG-13,Dean Israelite,Burk Sharpless;John Gatins;Kieran Mulroney;Matt Sazama;Michele Mulroney,Lionsgate Films,0
1131,1131,A_1716,B_0481,G.I. Joe: The Rise of Cobra,Action;Adventure;Sci-Fi,58,2009-08-07,PG-13,Stephen Sommers,David Elliot;Stuart Beattie,Hasbro;Paramount Pictures;Spyglass Entertainment,Norman (Norman: The Moderate Rise and Tragic Fall of a New York Fixer),Drama,89,2017-04-14,R,Joseph Cedar,Joseph Cedar,Sony Pictures Classics,0
30,30,A_0047,B_2127,Ash vs Evil Dead,Action;Comedy;Fantasy,85,1900-1-1,TV-MA,,Ivan Raimi;Sam Raimi;Tom Spezialy,Renaissance Pictures;Starz!,Dead Snow 2: Red vs. Dead (DÃ¸d snÃ¸ 2),Action;Adventure;Comedy;Film-Noir;Horror,83,2014-10-10,R,Tommy Wirkola,Stig Frode Henriksen;Tommy Wirkola;Vegar Hoel,Well Go USA,0
684,684,A_0974,B_0506,Before I Wake,Drama;Fantasy;Horror,62,2018-01-05,PG-13,Mike Flanagan,Jeff Howard;Mike Flanagan,Demarest Films;Intrepid Pictures;MICA Entertainment,Before I Fall,Drama,63,2017-03-03,PG-13,Ry Russo-Young,Maria Maggenti,Open Road Films,0
1154,1154,A_1731,B_2273,The Secret Life of Walter Mitty,Adventure;Comedy;Drama,73,2013-12-25,PG,Ben Stiller,Steve Conrad;Steve Conrad,Samuel Goldwyn Films;TSG Entertainment;Twentieth Century Fox,Which Way Is the Front Line from Here? The Life and Times of Tim Hetherington,Documentary,100,2013-04-12,NOT RATED,Sebastian Junger,,HBO Films,0
447,447,A_0664,B_1435,The Lord of the Rings: The Two Towers,Adventure;Drama;Fantasy,87,2002-12-18,PG-13,Peter Jackson,Fran Walsh;J.R.R. Tolkien,New Line Cinema;The Saul Zaentz Company;WingNut Films,Drug Lord: The Legend Of Shorty,Documentary,63,2014-03-01,NOT RATED,Angus MacQueen;Guillermo Galdos,Angus MacQueen,,0
490,490,A_0702,B_0042,The Darkest Hour,Action;Adventure;Horror,49,2011-12-25,PG-13,Chris Gorak,Jon Spaihts;Leslie Bohem,Bazelevs Production;Regency Enterprises;Summit Entertainment,Darkest Hour,Drama,85,2017-12-22,PG-13,Joe Wright,Anthony McCarten,Focus Features,0
979,979,A_1465,B_2011,Life of Pi,Adventure;Drama;Fantasy,79,2012-11-21,PG,Ang Lee,David Magee;Yann Martel,Dune Entertainment;Fox 2000 Pictures;Ingenious Media,The Book of Life,Animation;Romance,82,2014-10-17,PG,Jorge R. Gutierrez,Douglas Langdale;Jorge R. Gutierrez,20th Century Fox,0
1337,1337,A_1995,B_1100,Are You Afraid of the Dark?,Drama;Family;Fantasy,83,1900-1-1,TV-Y7,,,CINAR;Nickelodeon Network;YTV,Rise of the Legend (Huang feihong zhi yingxiong you meng ),Action;Adventure;Drama;Film-Noir,67,2016-03-11,NOT RATED,Roy Hin Yeung Chow,Chi-long To;Christine To,,0
1771,1771,A_2724,B_2009,Justice League,Action;Adventure;Animation,86,1900-1-1,TV-PG,,Bob Kane;Joe Shuster;William Moulton Marston,DC Comics;Warner Bros.;Warner Bros. Animation,Justice League: Throne Of Atlantis,Action;Adventure;Animation,40,1900-1-1,PG-13,Ethan Spaulding,Heath Corson,Warner Home Video,0
1904,1904,A_2939,B_0860,I Am the Pretty Thing That Lives in the House,Horror;Thriller,46,2016-10-28,NOT RATED,Oz Perkins,Oz Perkins,Go Insane Films;Paris Film;Zed Filmworks,I Am the Pretty Thing That Lives in the House,Drama;Horror;Mystery;Thriller,60,2016-10-28,NOT RATED,Oz Perkins,Oz Perkins,,1
278,278,A_0424,B_0268,The Dark Tower,Action;Adventure;Fantasy,57,2017-08-04,PG-13,Nikolaj Arcel,Akiva Goldsman;Jeff Pinkner,Imagine Entertainment;Media Rights Capital (MRC);Sony Pictures Entertainment (SPE),The Dark Tower,Fantasy;Horror;Sci-Fi;Western,16,2017-08-04,PG-13,Nikolaj Arcel,Akiva Goldsman;Anders Thomas Jensen;Jeff Pinkner;Nikolaj Arcel,,1
1835,1835,A_2864,B_2546,Close Encounters of the Third Kind,Drama;Sci-Fi,77,1977-12-14,PG,Steven Spielberg,Steven Spielberg,EMI Films;EMI Films;Julia Phillips and Michael Phillips Productions,The Right Kind of Wrong,Comedy;Romance,12,2014-03-14,R,Jeremiah S. Chechik,Megan Martin,Magnolia Pictures,0
89,89,A_0165,B_0090,When We First Met,Comedy;Fantasy;Romance,64,2018-02-09,TV-14,Ari Sandel,John Whittington,Footprint Features;MXN Entertainment;Wonderland Sound and Vision,When We First Met,Comedy;Romance,35,2018-02-09,NOT RATED,Ari Sandel,John Whittington,,1
755,755,A_1088,B_2452,Can You Ever Forgive Me?,Comedy;Documentary;Drama,0,2018-10-19,R,Marielle Heller,Lee Israel;Nicole Holofcener,Fox Searchlight Pictures,Will You Still Love Me Tomorrow?,Romance,80,2014-01-17,NOT RATED,Arvin Chen,Arvin Chen,Film Movement,0
1451,1451,A_2211,B_0502,John Wick: Chapter 3,Action;Thriller,0,2019-05-17,NOT RATED,Chad Stahelski,Derek Kolstad,Lionsgate;Thunder Road Pictures,John Wick: Chapter 2,Action;Adventure;Drama,89,2017-02-10,R,Chad Stahelski,Derek Kolstad,Summit Entertainment,0
27,27,A_0043,B_1992,Guardians of the Galaxy Vol. 2,Action;Adventure;Sci-Fi,77,2017-05-05,PG-13,James Gunn,Dan Abnett;James Gunn,Marvel Studios;Walt Disney Pictures,ABCs of Death 2,Horror,77,2014-10-31,NOT RATED,Ahron Keshales;Alejandro BruguÃ©s;Alexandre Bustillo;Bill Plympton;Bruno Samper;Chris Nash;Dennison Ramalho;Erik Matti;Evan Katz;Hajime Ohata;Jen Soska;Jerome Sable;Jim Hosking;Juan MartÃ­nez Moreno;Julian Barratt;Julian Gilbey;Julien Maury;Kristina Buozyte;Lancelot Oduwa Imasuen;Larry Fessenden;Marvin Kren;Navot Papushado;Rob Boocheck;Robert Morgan;Rodney Ascher;Steven Kostanski;Sylvia Soska;SÃ´ichi Umezawa;Todd Rohal;Vincenzo Natali,,Magnet Releasing,0
1098,1098,A_1646,B_2374,Blended,Comedy;Romance,65,2014-05-23,PG-13,Frank Coraci,Clare Sera;Ivan Menchell,Gulfstream Pictures;Happy Madison Productions;Karz Entertainment,Blended,Comedy,14,2014-05-23,PG-13,Frank Coraci,Clare Sera;Ivan Menchell,Warner Bros. Pictures,1
913,913,A_1375,B_0148,The Man Who Invented Christmas,Comedy;Documentary;Drama,70,2017-11-22,PG,Bharat Nalluri,Charles Dickens;Susan Coyne,"Mazur / Kaplan Company;Mob Film Company, The;Parallel Films",Mark Felt: The Man Who Brought Down the White House,Drama,36,2017-09-29,PG-13,Peter Landesman,Peter Landesman,Sony Pictures Classics,0
172,172,A_0281,B_1435,King Arthur: Legend of the Sword,Action;Adventure;Drama,68,2017-05-12,PG-13,Guy Ritchie,Guy Ritchie;Joby Harold,Village Roadshow Pictures;Warner Bros.;Weed Road Pictures,Drug Lord: The Legend Of Shorty,Documentary,63,2014-03-01,NOT RATED,Angus MacQueen;Guillermo Galdos,Angus MacQueen,,0
221,221,A_0376,B_1147,Star Wars: The Force Awakens,Action;Adventure;Fantasy,80,2015-12-18,PG-13,J.J. Abrams,J.J. Abrams;Lawrence Kasdan,Bad Robot;Lucasfilm;Truenorth Productions,Star Wars: Episode VII - The Force Awakens,Action;Adventure;Fantasy;Sci-Fi,93,2015-12-18,PG-13,J.J. Abrams,J.J. Abrams;Lawrence Kasdan;Michael Arndt,Walt Disney Pictures,0
551,551,A_0772,B_0720,Star vs. the Forces of Evil,Adventure;Animation;Comedy,82,1900-1-1,TV-Y7,,Daron Nefcy;David Wasson;Jordana Arkin,Daron Nefcy Productions;Disney Television Animation;Disney XD,Ouija: Origin of Evil,Horror;Mystery;Thriller,82,2016-10-21,PG-13,Mike Flanagan,Jeff Howard;Mike Flanagan,Universal Pictures,0
1978,1978,A_3031,B_1923,Horrible Bosses,Comedy,69,2011-07-08,R,Seth Gordon,John Francis Daley;Michael Markowitz,New Line Cinema;Rat Entertainment,Horrible Bosses 2,Comedy,34,2014-11-26,R,Sean Anders,John Morris (XIX);Jonathan Goldstein;Sean Anders,Warner Bros. Pictures,0
1389,1389,A_2100,B_0300,Night of the Living Dead,Horror,79,1968-10-04,NOT RATED,George A. Romero,George A. Romero;John A. Russo,Image Ten;Laurel Group;Market Square Productions,Pirates of the Caribbean: Dead Men Tell No Tales,Action;Adventure;Drama,30,2017-05-26,PG-13,Espen Sandberg;Joachim RÃÂ¸nning,Jeff Nathanson,Walt Disney Pictures,0
126,126,A_0244,B_0243,Call Me by Your Name,Drama;Romance,80,2018-01-19,R,Luca Guadagnino,Andr� Aciman;James Ivory,Frenesy Film Company;La Cin�facture;RT Features,Your Name. (Kimi No Na Wa.),Animation;Drama;Romance,97,2017-04-07,PG,Makoto Shinkai,Makoto Shinkai,FUNimation Films,0
1707,1707,A_2675,B_0064,Night at the Museum: Secret of the Tomb,Adventure;Comedy;Family,62,2014-12-19,PG,Shawn Levy,David Guion;Michael Handelman,1492 Pictures;21 Laps Entertainment;Twentieth Century Fox,7 Guardians of the Tomb,Action;Adventure,0,2018-02-23,NOT RATED,Kimble Rendall,Kimble Rendall;Paul Staheli,,0
1621,1621,A_2547,B_2929,City of God,Drama,86,2004-02-13,R,Fernando Meirelles;Kátia Lund,Bráulio Mantovani;Paulo Lins,Globo Filmes;O2 Filmes;VideoFilmes,The Mortal Instruments: City of Bones,Action;Adventure;Drama;Fantasy;Sci-Fi,13,2013-08-21,PG-13,Harald Zwart,I. Marlene King;Jessica Postigo Paquette,Sony Pictures,0
1828,1828,A_2844,B_1177,The Hangover Part II,Comedy;Mystery,65,2011-05-26,R,Todd Phillips,Craig Mazin;Scot Armstrong,Green Hat Films;Legendary Entertainment;Warner Bros.,The Decline of Western Civilization Part II: The Metal Years1988,Documentary;Musical,86,1988-06-17,R,Penelope Spheeris,,,0
567,567,A_0808,B_0382,Queen of the South,Action;Drama,77,1900-1-1,TV-14,,Joshua John Miller;M.A. Fortin,Frequency Films;Friendly Films (II);Origen Producciones Cinematograficas S.A.,The Queen of Spain (La reina de EspaÃÂ±a),Comedy;Drama;Film-Noir,29,2017-08-18,NOT RATED,Fernando Trueba,Fernando Trueba,,0
375,375,A_0555,B_0064,7 Guardians of the Tomb,Action;Adventure,49,2018-02-23,TV-MA,Kimble Rendall,Gary Hamilton;Jonathan Scanlon,Nest Holdings;Sleeping Otters Productions,7 Guardians of the Tomb,Action;Adventure,0,2018-02-23,NOT RATED,Kimble Rendall,Kimble Rendall;Paul Staheli,,1
16,16,A_0019,B_1082,La casa de papel,Action;Mystery,88,1900-1-1,TV-MA,,�lex Pina,Vancouver Media,The Golden Dream (La Jaula De Oro),Drama;Film-Noir,88,2015-09-04,NOT RATED,,,Double Exposure,0
1579,1579,A_2467,B_2790,A Nightmare on Elm Street 3: Dream Warriors,Action;Fantasy;Horror,66,1987-02-27,R,Chuck Russell,Bruce Wagner;Wes Craven,Heron Communications;New Line Cinema;Smart Egg Pictures,Never Sleep Again: The Elm Street Legacy (2010),Documentary;Musical;Television,100,2010-01-01,NOT RATED,Andrew Kasch;Daniel Farrands,Thommy Hutson,Image Entertainment,0
734,734,A_1058,B_0699,Nocturnal Animals,Drama;Romance,75,2016-12-09,R,Tom Ford,Austin Wright;Tom Ford,Artina Films;Fade to Black Productions;Focus Features,Nocturnal Animals,Drama;Mystery;Thriller,73,2016-12-09,R,Tom Ford (VIII),Tom Ford (VIII),,1
1215,1215,A_1812,B_2788,Justice League Unlimited,Action;Adventure;Animation,89,1900-1-1,NOT RATED,,Jack Kirby,DC Comics;Warner Bros. Animation,Justice League: War,Action;Adventure;Animation,50,1900-1-1,PG-13,Jay Oliva,Heath Corson,,0
608,608,A_0886,B_2582,Her,Drama;Romance;Sci-Fi,80,2014-01-10,R,Spike Jonze,Spike Jonze,Annapurna Pictures,Her,Drama;Fantasy;Romance;Sci-Fi,94,2013-12-18,R,Spike Jonze,Spike Jonze,Warner Bros. Pictures,1
52,52,A_0080,B_1992,The Death of Stalin,Comedy,72,2018-03-09,R,Armando Iannucci,Armando Iannucci;David Schneider,Gaumont;Main Journey;Quad Productions,ABCs of Death 2,Horror,77,2014-10-31,NOT RATED,Ahron Keshales;Alejandro BruguÃ©s;Alexandre Bustillo;Bill Plympton;Bruno Samper;Chris Nash;Dennison Ramalho;Erik Matti;Evan Katz;Hajime Ohata;Jen Soska;Jerome Sable;Jim Hosking;Juan MartÃ­nez Moreno;Julian Barratt;Julian Gilbey;Julien Maury;Kristina Buozyte;Lancelot Oduwa Imasuen;Larry Fessenden;Marvin Kren;Navot Papushado;Rob Boocheck;Robert Morgan;Rodney Ascher;Steven Kostanski;Sylvia Soska;SÃ´ichi Umezawa;Todd Rohal;Vincenzo Natali,,Magnet Releasing,0
1342,1342,A_2001,B_1783,Blackhat,Drama;Mystery,54,2015-01-16,R,Michael Mann,Morgan Davis Foehl,Forward Pass;Legendary Entertainment,Blackhat,Action;Adventure;Drama,33,2015-01-16,R,Michael Mann,Michael Mann;Morgan Davis Foehl,Universal Studios,1
427,427,A_0648,B_1243,Spectre,Action;Adventure;Thriller,68,2015-11-06,PG-13,Sam Mendes,John Logan;Neal Purvis,B24;Columbia Pictures;Danjaq,Spectre,Action;Adventure,63,2015-11-06,PG-13,Sam Mendes,Ian Fleming (II);John Logan;Neal Purvis;Robert Wade,Sony Pictures,1
281,281,A_0431,B_1459,What We Do in the Shadows,Comedy;Horror,76,2015-02-13,R,Jemaine Clement;Taika Waititi,Jemaine Clement;Taika Waititi,Defender Films;Funny or Die;Unison Films,What We Did on Our Holiday,Comedy,73,2015-07-10,PG-13,Andy Hamilton;Guy Jenkin,Andy Hamilton;Guy Jenkin,Lionsgate Films,0
94,94,A_0183,B_0560,Split,Horror;Thriller,73,2017-01-20,PG-13,M. Night Shyamalan,M. Night Shyamalan,Blinding Edge Pictures;Blumhouse Productions;Dentsu,Split,Drama;Horror;Mystery;Thriller,75,2017-01-20,PG-13,M. Night Shyamalan,M. Night Shyamalan,Universal Pictures,1
1087,1087,A_1628,B_1901,Life of the Party,Comedy,0,2018-05-11,PG-13,Ben Falcone,Ben Falcone;Melissa McCarthy,New Line Cinema;On the Day;Warner Bros.,Life of Riley,Drama,81,2014-10-24,NOT RATED,Alain Resnais,Alain Resnais;Alan Ayckbourn;Alex RÃ©val;Caroline Sihol;Jean-Marie Besset;Laurent Herbiet,Kino Lorber Films,0
353,353,A_0504,B_0175,The Lego Movie,Action;Adventure;Animation,78,2014-02-07,PG,Christopher Miller;Phil Lord,Christopher Miller;Phil Lord,LEGO System A/S;Lin Pictures;Warner Bros.,The Lego Ninjago Movie,Action;Adventure;Animation;Comedy;Family,54,2017-09-22,PG,Charlie Bean,Bob Logan;Hilary Winston;Paul Fisher,Warner Bros. Pictures,0
1992,1992,A_3079,B_0901,Teenage Mutant Ninja Turtles,Action;Adventure;Comedy,67,1990-03-30,PG,Steve Barron,Kevin Eastman;Peter Laird,888 Productions;Golden Harvest Company;Limelight Entertainment,Teenage Mutant Ninja Turtles: Out of the Shadows,Action;Adventure;Comedy;Fantasy;Sci-Fi,35,2016-06-03,PG-13,Dave Green,AndrÃÂ© Nemec;Josh Appelbaum;Josh Applebaum;Kevin Eastman;Peter Laird,Paramount Pictures,0
1564,1564,A_2430,B_2113,Witches of East End,Drama;Fantasy,76,1900-1-1,TV-14,,Maggie Friedman,Fox 21,"Norte, the End of History",Drama,91,2014-06-20,NOT RATED,Lav Diaz,Lav Diaz;Rody Vera,Cinema Guild,0
901,901,A_1331,B_2134,Sin City,Thriller,80,2005-04-01,R,Frank Miller;Robert Rodriguez,Frank Miller,Dimension Films;Troublemaker Studios,Frank Miller's Sin City: A Dame to Kill For,Action;Adventure;Mystery;Thriller,43,2014-08-22,R,Frank Miller (II);Robert Rodriguez,Frank Miller (II);William Monahan,Dimension Films,0
1344,1344,A_2007,B_2107,Planet of the Apes,Adventure;Sci-Fi,80,1968-04-03,G,Franklin J. Schaffner,Michael Wilson;Rod Serling,APJAC Productions;Twentieth Century Fox,Dawn Of The Planet Of The Apes,Action;Adventure;Drama;Fantasy;Sci-Fi,90,2014-07-11,PG-13,Matt Reeves,Amanda Silver;Mark Bomback;Rick Jaffa,20th Century Fox,0
456,456,A_0670,B_0839,The Legend of Tarzan,Action;Adventure;Drama,63,2016-07-01,PG-13,David Yates,Adam Cozad;Craig Brewer,Jerry Weintraub Productions;RatPac-Dune Entertainment;Village Roadshow Pictures,The Legend of Tarzan,Action;Adventure,36,2016-07-01,PG-13,David Yates (II),Adam Cozad;Craig Brewer,Lionsgate Pictures,1
1256,1256,A_1872,B_1680,Me Before You,Drama;Romance,74,2016-06-03,PG-13,Thea Sharrock,Jojo Moyes;Jojo Moyes,Metro-Goldwyn-Mayer (MGM);New Line Cinema;Sunswept Entertainment,Before You Know It,Documentary,79,2014-05-30,NOT RATED,PJ Raval,,The Film Collaborative,0
1511,1511,A_2307,B_2143,All Good Things,Drama;Mystery,63,2010-12-09,R,Andrew Jarecki,Marc Smerling;Marcus Hinchey,Groundswell Productions;Hit The Ground Running Films,All Things To All Men,Drama;Mystery;Thriller,25,1900-1-1,NOT RATED,George Isaac,George Isaac,Screen Media Films,0
956,956,A_1445,B_0641,Silence,Adventure;Documentary;Drama,72,2017-01-13,R,Martin Scorsese,Jay Cocks;Martin Scorsese,Cappa Defina Productions;CatchPlay;Emmett/Furla/Oasis Films (EFO Films),Silence,Drama,84,2017-01-13,R,Martin Scorsese,Jay Cocks;Martin Scorsese,Paramount Pictures,1
1388,1388,A_2098,B_1885,Don't Be Afraid of the Dark,Fantasy;Horror;Thriller,56,2011-08-26,R,Troy Nixey,Guillermo del Toro;Matthew Robbins,FilmDistrict;Miramax;Necropia,Out Of The Dark,Horror;Mystery;Thriller,24,2015-02-27,R,LluÃ­s QuÃ­lez,Alex Pastor;David Pastor;Javier GullÃ³n,Vertical Entertainment,0
1747,1747,A_2712,B_0436,Naya Legend of the Golden Dolphin,Action;Adventure;Animation,0,2019,NOT RATED,Jonathon Kay,Joaquim Guedes;Katie Ford,Magic Factory Productions,The Legend of Ben Hall,Action;Adventure;Drama;Western,50,2016-12-16,NOT RATED,Matthew Holmes (VI),Matthew Holmes (VI),Vega Baby Releasing & Sony Pictures Home Entertain,0
288,288,A_0436,B_0152,It,Drama;Horror;Mystery,69,1900-1-1,TV-14,,,Green/Epstein Productions;Konigsberg/Sanitsky Company;Lorimar Television,It,Drama;Horror;Mystery;Thriller,85,2017-09-08,R,Andy Muschietti,Cary Joji Fukunaga;Chase Palmer;Gary Dauberman,Warner Bros. Pictures,1
798,798,A_1160,B_0691,Edge of Tomorrow,Action;Adventure;Sci-Fi,79,2014-06-06,PG-13,Doug Liman,Christopher McQuarrie;Jez Butterworth,RatPac-Dune Entertainment;Village Roadshow Pictures;Warner Bros.,The Edge of Seventeen,Comedy;Drama,95,2016-11-18,R,Kelly Fremon Craig,Kelly Fremon Craig,STX Entertainment,0
980,980,A_1465,B_2196,Life of Pi,Adventure;Drama;Fantasy,79,2012-11-21,PG,Ang Lee,David Magee;Yann Martel,Dune Entertainment;Fox 2000 Pictures;Ingenious Media,Life Of Crime,Comedy;Drama,65,2014-08-29,R,Daniel Schechter,Daniel Schechter,Roadside Atrractions,0
2013,2013,A_3101,B_2037,Field of Dreams,Drama;Family;Fantasy,75,1989-05-05,PG,Phil Alden Robinson,Phil Alden Robinson;W.P. Kinsella,Gordon Company,The Kingdom of Dreams and Madness,Documentary,92,2014-11-28,NOT RATED,Mami Sunada,Mami Sunada,GKIDS,0
1443,1443,A_2194,B_2761,Romeo + Juliet,Drama;Romance,68,1996-11-01,PG-13,Baz Luhrmann,Craig Pearce;William Shakespeare,Bazmark Films;Twentieth Century Fox,Romeo and Juliet,Drama;Romance,23,2013-10-11,PG-13,Carlo Carlei,Julian Fellowes,Relativity Media,0
1066,1066,A_1627,B_1083,Tourism Australia: Dundee - The Son of a Legend Returns Home,Comedy,82,2018-02-04,NOT RATED,Steve Rogers,,Rimfire Films,PelÃÂ©: Birth of a Legend,Drama;Sport,25,2016-05-13,PG,Jeff Zimbalist;Michael Zimbalist,Jeff Zimbalist;Michael Zimbalist,,0
788,788,A_1134,B_2885,Now You See Me 2,Action;Adventure;Comedy,65,2016-06-10,PG-13,Jon M. Chu,Ed Solomon;Ed Solomon,K/O Paper Products;Summit Entertainment;TIK Film,Despicable Me 2,Animation;Comedy;Family,74,2013-07-03,PG,Chris Renaud;Pierre Coffin,Cinco Paul;Ken Daurio,Universal Pictures,0
1673,1673,A_2641,B_0836,Independence Day,Action;Adventure;Sci-Fi,70,1996-07-03,PG-13,Roland Emmerich,Dean Devlin;Roland Emmerich,Centropolis Entertainment;Twentieth Century Fox,Independence Day: Resurgence,Action;Adventure;Drama;Fantasy;Sci-Fi,31,2016-06-24,PG-13,Roland Emmerich,Dean Devlin;James A. Woods;James Vanderbilt;Jamie Vanderbilt;Nicolas Wright;Roland Emmerich,20th Century Fox,0
695,695,A_0983,B_0849,Lights Out,Horror,63,2016-07-22,PG-13,David F. Sandberg,David F. Sandberg;Eric Heisserer,Grey Matter Productions;New Line Cinema;RatPac-Dune Entertainment,Lights Out,Horror,76,2016-07-22,PG-13,David F. Sandberg,Eric Heisserer,RatPac-Dune Entertainment,1
1424,1424,A_2170,B_1456,Dragon Ball: Doragon bôru,Action;Adventure;Animation,86,1900-1-1,TV-Y7,,,"Bird Studio, The;Toei Animation;Toei Company",Dragon Ball Z: Resurrection 'F',Action;Adventure;Animation;Fantasy;Sci-Fi,81,2015-08-04,NOT RATED,Tadayoshi Yamamuro,Akira Toriyama,FUNimation Films,0
665,665,A_0940,B_0869,The Purge: Election Year,Action;Horror;Sci-Fi,60,2016-07-01,R,James DeMonaco,James DeMonaco,Blumhouse Productions;Platinum Dunes;Universal Pictures,The Purge: Election Year,Action;Adventure;Horror;Mystery;Thriller,53,2016-07-01,R,James DeMonaco,James DeMonaco,Universal Pictures,1
1419,1419,A_2153,B_0428,The Boss Baby 2,Animation;Comedy;Family,0,2021-03-26,NOT RATED,,Marla Frazee,DreamWorks Animation,The Boss Baby,Animation;Comedy;Family,52,2017-03-31,PG,Tom McGrath,Michael McCullers,DreamWorks Animation,0
1134,1134,A_1716,B_1409,G.I. Joe: The Rise of Cobra,Action;Adventure;Sci-Fi,58,2009-08-07,PG-13,Stephen Sommers,David Elliot;Stuart Beattie,Hasbro;Paramount Pictures;Spyglass Entertainment,Mr. Dynamite: The Rise of James Brown,Documentary;Musical,100,1900-1-1,NOT RATED,Alex Gibney,,,0
260,260,A_0396,B_0429,Kong: Skull Island,Action;Adventure;Fantasy,67,2017-03-10,PG-13,Jordan Vogt-Roberts,Dan Gilroy;Max Borenstein,Legendary Entertainment;Tencent Pictures;Warner Bros.,Kong: Skull Island,Action;Adventure;Fantasy;Mystery;Sci-Fi;Thriller,75,2017-03-10,PG-13,Jordan Vogt-Roberts,Dan Gilroy;Derek Connolly;Max Borenstein,Warner Bros. Pictures/Legendary Pictures,1
1214,1214,A_1812,B_2009,Justice League Unlimited,Action;Adventure;Animation,89,1900-1-1,NOT RATED,,Jack Kirby,DC Comics;Warner Bros. Animation,Justice League: Throne Of Atlantis,Action;Adventure;Animation,40,1900-1-1,PG-13,Ethan Spaulding,Heath Corson,Warner Home Video,0
795,795,A_1154,B_1890,The Hunger Games: Mockingjay - Part 2,Action;Adventure;Sci-Fi,65,2015-11-20,PG-13,Francis Lawrence,Danny Strong;Peter Craig,Color Force;Lionsgate;Studio Babelsberg,The Hunger Games: Mockingjay - Part 1,Action;Adventure;Drama;Fantasy;Sci-Fi,66,2014-11-21,PG-13,Francis Lawrence,Danny Strong;Peter Craig,Lionsgate Films,0
5,5,A_0012,B_0001,Justice League,Action;Adventure;Fantasy,68,2017-11-17,PG-13,Zack Snyder,Chris Terrio;Joss Whedon,Atlas Entertainment;Cruel & Unusual Films;DC Comics,Justice League,Action;Adventure;Drama;Fantasy;Sci-Fi,40,2017-11-17,PG-13,Zack Snyder,Chris Terrio;Joss Whedon,Warner Bros. Pictures,1
673,673,A_0953,B_1175,Hush,Horror;Thriller,66,2016-04-08,R,Mike Flanagan,Kate Siegel;Mike Flanagan,Blumhouse Productions;Intrepid Pictures,Hush,Horror,94,1900-1-1,R,Mike Flanagan,Kate Siegel;Mike Flanagan,,1
1895,1895,A_2930,B_0323,Open Water,Adventure;Drama;Horror,57,2004-08-20,R,Chris Kentis,Chris Kentis,Plunge Pictures LLC,Open Water 3: Cage Dive,Drama;Horror,25,2017-08-11,R,Gerald Rascionato,Gerald Rascionato,,0
683,683,A_0968,B_0171,Jeepers Creepers,Horror;Mystery,61,2001-08-31,R,Victor Salva,Victor Salva,American Zoetrope;Cinerenta-Cinebeta;United Artists,Jeepers Creepers 3,Drama;Horror,20,2017-09-26,NOT RATED,Victor Salva,Victor Salva,,0
2021,2021,A_3131,B_0895,Cat People,Fantasy;Horror;Thriller,61,1982-04-02,R,Paul Schrader,Alan Ormsby;DeWitt Bodeen,RKO Pictures;Universal Pictures,Cat People (1942),Drama;Horror;Romance,93,1942-12-06,R,Jacques Tourneur,DeWitt Bodeen,,0
1752,1752,A_2712,B_1907,Naya Legend of the Golden Dolphin,Action;Adventure;Animation,0,2019,NOT RATED,Jonathon Kay,Joaquim Guedes;Katie Ford,Magic Factory Productions,TinkerBell and the Legend of the NeverBeast,Action;Adventure;Animation;Family,74,1900-1-1,G,Steve Loter,Kate Kondell;Mark McCorkle;Robert Schooley;Steve Loter;Tom Rogers,DisneyToon Studios,0
1613,1613,A_2542,B_0715,The Light Between Oceans,Drama;Romance,72,2016-09-02,PG-13,Derek Cianfrance,Derek Cianfrance;M.L. Stedman,DreamWorks;Heyday Films;LBO Productions (II),The Light Between Oceans,Drama;Romance,59,2016-09-02,PG-13,Derek Cianfrance,Derek Cianfrance,,1
496,496,A_0717,B_0649,Beauty and the Beast,Drama;Horror;Romance,72,1900-1-1,TV-14,,Jennifer Levin;Ron Koslow;Sherri Cooper-Landsman,CBS Television Studios;Take 5 Productions;Whizbang Films,Beauty And The Beast (La belle et la bÃÂªte),Fantasy;Mystery;Romance;Sci-Fi;Thriller,33,2016-09-23,PG-13,Christophe Gans,Christophe Gans;Sandra Vo-Anh,,0
343,343,A_0492,B_1303,Hotel Transylvania 3: Summer Vacation,Animation;Comedy;Family,0,2018-07-13,NOT RATED,Genndy Tartakovsky,Genndy Tartakovsky;Michael McCullers,Columbia Pictures;Media Rights Capital (MRC);Sony Pictures Animation,Hotel Transylvania 2,Animation,55,2015-09-25,PG,Genndy Tartakovsky,Adam Sandler;Robert Smigel,Sony Pictures,0
342,342,A_0484,B_2885,Despicable Me,Adventure;Animation;Comedy,77,2010-07-09,PG,Chris Renaud;Pierre Coffin,Cinco Paul;Ken Daurio,Illumination Entertainment;Universal Pictures,Despicable Me 2,Animation;Comedy;Family,74,2013-07-03,PG,Chris Renaud;Pierre Coffin,Cinco Paul;Ken Daurio,Universal Pictures,0
606,606,A_0884,B_0750,Suicide Squad 2,Action;Adventure;Fantasy,0,1900-1-1,NOT RATED,Gavin O'Connor,Adam Cozad;Gavin O'Connor,Atlas Entertainment;DC Comics;DC Entertainment,Suicide Squad,Action;Adventure,26,2016-08-05,PG-13,David Ayer,David Ayer,Warner Bros. Pictures,0
2022,2022,A_3132,B_1316,Paranormal Activity,Horror;Mystery;Thriller,63,2009-10-16,R,Oren Peli,Oren Peli,Blumhouse Productions;Solana Films,Paranormal Activity: The Ghost Dimension,Horror,14,2015-10-23,R,Gregory Plotkin,Adam Robitel;Andrew Stark;Gavin Heffernan;Jason Pagan;Oren Peli,Paramount Pictures,0
1017,1017,A_1550,B_0365,Cloudy with a Chance of Meatballs 2,Action;Adventure;Animation,64,2013-09-27,PG,Cody Cameron;Kris Pearn,Erica Rivinoja;John Francis Daley,Columbia Pictures;Sony Pictures Animation,Guardians of the Galaxy Vol. 2,Action;Adventure;Comedy;Fantasy;Sci-Fi,83,2017-05-05,PG-13,James Gunn (II),James Gunn (II),Walt Disney Pictures,0
1369,1369,A_2068,B_1297,Fantastic Four: Rise of the Silver Surfer,Action;Adventure;Fantasy,56,2007-06-15,PG,Tim Story,Don Payne;Mark Frost,Constantin Film;Marvel Studios;Twentieth Century Fox,All Things Must Pass: The Rise and Fall of Tower Records,Documentary;Musical,94,2015-10-16,NOT RATED,Colin Hanks,Steve Stevens;Steven Leckart,,0
168,168,A_0281,B_0436,King Arthur: Legend of the Sword,Action;Adventure;Drama,68,2017-05-12,PG-13,Guy Ritchie,Guy Ritchie;Joby Harold,Village Roadshow Pictures;Warner Bros.;Weed Road Pictures,The Legend of Ben Hall,Action;Adventure;Drama;Western,50,2016-12-16,NOT RATED,Matthew Holmes (VI),Matthew Holmes (VI),Vega Baby Releasing & Sony Pictures Home Entertain,0
1671,1671,A_2624,B_1441,Paper Towns,Drama;Mystery;Romance,63,2015-07-24,PG-13,Jake Schreier,Michael H. Weber;Scott Neustadter,Fox 2000 Pictures;Temple Hill Entertainment,Paper Towns,Drama,56,2015-07-24,PG-13,Jake Schreier,Michael H. Weber;Scott Neustadter,20th Century Fox,1
1048,1048,A_1599,B_0290,Shot Caller,Drama;Thriller,74,2017-08-18,R,Ric Roman Waugh,Ric Roman Waugh,Bold Films;DirecTV;Participant Media,Shot Caller,Action;Adventure;Drama,63,2017-08-18,R,Ric Roman Waugh,Ric Roman Waugh,Saban Films,1
1031,1031,A_1575,B_0769,Nausicaä of the Valley of the Wind,Adventure;Animation;Fantasy,81,1984-03-11,PG,Hayao Miyazaki,Hayao Miyazaki;Hayao Miyazaki,Hakuhodo;Nibariki;Tokuma Shoten,In a Valley of Violence,Action;Adventure;Western,77,2016-10-21,R,Ti West,Ti West,Blumhouse Productions,0
559,559,A_0791,B_0630,Patriots Day,Documentary;Drama,74,2017-01-13,R,Peter Berg,Matt Cook;Peter Berg,Bluegrass Films;CBS Films;Closest to the Hole Productions,Patriots Day,Drama,81,2017-01-13,R,Peter Berg,Joshua Zetumer;Matt Cook;Peter Berg,CBS Films,1
1217,1217,A_1824,B_0750,Suicide Squad: Hell to Pay,Action;Animation,0,2018-03-27,R,Sam Liu,Alan Burnett;John Ostrander,DC Entertainment,Suicide Squad,Action;Adventure,26,2016-08-05,PG-13,David Ayer,David Ayer,Warner Bros. Pictures,0
711,711,A_1015,B_2435,The Lion King 2: Simba's Pride,Adventure;Animation;Family,65,1998-10-26,G,Darrell Rooney;Rob LaDuca,Cindy Marcus;Flip Kobler,Disneytoon Studios;Walt Disney Animation Australia;Walt Disney Pictures,Warrior King 2 (The Protector 2),Action;Adventure;Film-Noir,19,2014-05-02,R,Andrei Popov;Prachya Pinkaew,Ekasith Thairat,Magnolia Pictures,0
1358,1358,A_2041,B_2889,Austin Powers: International Man of Mystery,Adventure;Comedy,70,1997-05-02,PG-13,Jay Roach,Mike Myers,Capella International;Eric's Boy;Juno Pix,Man of Tai Chi,Action;Adventure,71,2013-11-01,R,Keanu Reeves,Keanu Reeves;Michael Cooney;Michael G. Cooney,Radius-TWC,0
958,958,A_1447,B_0366,The Last of the Mohicans,Action;Adventure;Drama,78,1992-09-25,R,Michael Mann,James Fenimore Cooper;John L. Balderston,Morgan Creek Entertainment Group,Goon: Last of the Enforcers,Comedy,42,2017-09-01,R,Jay Baruchel,Jay Baruchel;Jesse Chabot,Momentum Pictures,0
1830,1830,A_2860,B_2506,RoboCop,Action;Sci-Fi,75,1987-07-17,R,Paul Verhoeven,Edward Neumeier;Michael Miner,Orion Pictures,RoboCop,Action;Adventure;Fantasy;Sci-Fi,49,2014-02-12,PG-13,JosÃ© Padilha,Ed Neumeier;Joshua Zetumer;Michael Miner;Nick Schenk,Sony Pictures Releasing,1
2025,2025,A_3134,B_0517,Journey to the West,Action;Adventure;Comedy,68,2013-02-07,PG-13,Chi-kin Kwok;Stephen Chow,Chi-kin Kwok;Stephen Chow,Bingo Movie Development;China Film Group;Huayi Brothers Media,Journey to the West: The Demons Strike Back,Action;Adventure;Comedy;Fantasy;Sci-Fi,55,2017-02-03,PG-13,Hark Tsui,Hark Tsui;Lee Si Zhen Kelvin;Stephen Chow,,0
1332,1332,A_1978,B_1127,National Treasure: Book of Secrets,Action;Adventure;Family,65,2007-12-21,PG,Jon Turteltaub,Cormac Wibberley;Marianne Wibberley,Jerry Bruckheimer Films;Junction Entertainment;Walt Disney Pictures,Drunk Stoned Brilliant Dead: The Story of the National Lampoon,Documentary,87,2015-09-25,NOT RATED,Douglas Tirola,,Magnolia Pictures,0
39,39,A_0057,B_0008,Lady Bird,Comedy;Drama,76,2017-12-01,R,Greta Gerwig,Greta Gerwig,Entertainment 360;IAC Films;Scott Rudin Productions,Lady Bird,Comedy;Drama,99,2017-11-03,R,Greta Gerwig,Greta Gerwig,A24,1
492,492,A_0712,B_0789,The Descent: Part 2,Adventure;Horror;Thriller,58,2009-12-02,R,Jon Harris,J Blakeson;James McCarthy,Celador Films,Attack On Titan: Part 2 (Shingeki no kyojin endo obu za warudo),Action;Adventure;Drama;Fantasy;Horror;Sci-Fi,57,2015-10-20,NOT RATED,Shinji Higuchi,Tomohiro Machiyama;Yusuke Watanabe,,0
1355,1355,A_2041,B_0823,Austin Powers: International Man of Mystery,Adventure;Comedy,70,1997-05-02,PG-13,Jay Roach,Mike Myers,Capella International;Eric's Boy;Juno Pix,The True Memoirs of an International Assassin,Action;Adventure;Comedy,0,2016-11-11,NOT RATED,Jeff Wadlow,Jeff Morris;Jeff Wadlow,,0
605,605,A_0883,B_0727,Wonderstruck,Drama;Family;Mystery,63,2017-10-20,PG,Todd Haynes,Brian Selznick;Brian Selznick,Amazon Studios;Cinetic Media;FilmNation Entertainment,Wonderstruck,Drama,69,2017-10-20,PG,Todd Haynes,Brian Selznick,Amazon Studios and Roadside Attractions,1
1169,1169,A_1743,B_0813,Percy Jackson: Sea of Monsters,Adventure;Family;Fantasy,59,2013-08-07,PG,Thor Freudenthal,Marc Guggenheim;Rick Riordan,Fox 2000 Pictures;Sunswept Entertainment;TSG Entertainment,The Sea of Trees,Drama,11,2016-08-26,PG-13,Gus Van Sant,Chris Sparling,,0
891,891,A_1310,B_2324,The SpongeBob Movie: Sponge Out of Water,Adventure;Animation;Comedy,60,2015-02-06,PG,Mike Mitchell;Paul Tibbitt,Glenn Berger;Jonathan Aibel,Nickelodeon Movies;Paramount Animation;United Plankton Pictures,Out of the Clear Blue Sky,Documentary,90,2013-09-06,NOT RATED,Danielle Gardner,Danielle Gardner,Area 23a,0
1007,1007,A_1525,B_2032,Annabelle,Horror;Mystery;Thriller,54,2014-10-03,R,John R. Leonetti,Gary Dauberman,Atomic Monster;Evergreen Media Group;New Line Cinema,Annabelle,Horror,29,2014-10-03,R,John R. Leonetti,Gary Dauberman,New Line Cinema,1
1722,1722,A_2689,B_1489,Poltergeist,Horror;Thriller,49,2015-05-22,PG-13,Gil Kenan,David Lindsay-Abaire;Steven Spielberg,Fox 2000 Pictures;Ghost House Pictures;Metro-Goldwyn-Mayer (MGM),Poltergeist,Horror,32,2015-05-22,PG-13,Gil Kenan,David Lindsay-Abaire;Steven Spielberg,20th Century Fox,1
1876,1876,A_2905,B_1414,House at the End of the Street,Drama;Horror;Thriller,56,2012-09-21,PG-13,Mark Tonderai,David Loucka;Jonathan Mostow,A Bigger Boat;FilmNation Entertainment;Relativity Media,The End Of The Tour,Drama,91,2015-07-31,R,James Ponsoldt,Donald Margulies,A24 Films,0
1019,1019,A_1550,B_1992,Cloudy with a Chance of Meatballs 2,Action;Adventure;Animation,64,2013-09-27,PG,Cody Cameron;Kris Pearn,Erica Rivinoja;John Francis Daley,Columbia Pictures;Sony Pictures Animation,ABCs of Death 2,Horror,77,2014-10-31,NOT RATED,Ahron Keshales;Alejandro BruguÃ©s;Alexandre Bustillo;Bill Plympton;Bruno Samper;Chris Nash;Dennison Ramalho;Erik Matti;Evan Katz;Hajime Ohata;Jen Soska;Jerome Sable;Jim Hosking;Juan MartÃ­nez Moreno;Julian Barratt;Julian Gilbey;Julien Maury;Kristina Buozyte;Lancelot Oduwa Imasuen;Larry Fessenden;Marvin Kren;Navot Papushado;Rob Boocheck;Robert Morgan;Rodney Ascher;Steven Kostanski;Sylvia Soska;SÃ´ichi Umezawa;Todd Rohal;Vincenzo Natali,,Magnet Releasing,0
1733,1733,A_2709,B_0676,In This Corner of the World,Animation;Drama;Family,79,2016-11-12,PG-13,Sunao Katabuchi,Fumiyo Kono;Sunao Katabuchi,Genco;Mappa,I don't feel at home in this world anymore.,Drama;Mystery;Thriller,88,2017-02-24,NOT RATED,Macon Blair,Macon Blair,Film Science,0
662,662,A_0936,B_1341,Pan,Adventure;Family;Fantasy,58,2015-10-09,PG,Joe Wright,J.M. Barrie;Jason Fuchs,Berlanti Productions;RatPac-Dune Entertainment;Warner Bros.,Pan,Action;Adventure;Fantasy;Sci-Fi,27,2015-10-09,PG,Joe Wright,Jason Fuchs,Warner Bros.,1
599,599,A_0860,B_1180,The Hunger Games: Catching Fire,Action;Adventure;Mystery,75,2013-11-22,PG-13,Francis Lawrence,Michael Arndt;Simon Beaufoy,Color Force;Lionsgate,The Hunger Games: Mockingjay - Part 2,Action;Adventure;Drama;Fantasy;Sci-Fi,70,2015-11-20,PG-13,Francis Lawrence,Danny Strong;Peter Craig;Suzanne Collins,Lionsgate Films,0
1920,1920,A_2950,B_0064,Legend of the Guardians: The Owls of Ga'Hoole,Action;Adventure;Animation,70,2010-09-24,PG,Zack Snyder,Emil Stern;John Orloff,Animal Logic;Village Roadshow Pictures;Warner Bros.,7 Guardians of the Tomb,Action;Adventure,0,2018-02-23,NOT RATED,Kimble Rendall,Kimble Rendall;Paul Staheli,,0
53,53,A_0080,B_2963,The Death of Stalin,Comedy,72,2018-03-09,R,Armando Iannucci,Armando Iannucci;David Schneider,Gaumont;Main Journey;Quad Productions,In Search of Blind Joe Death: The Saga of John Fahey,Documentary;Musical,100,2013-08-16,NOT RATED,James Cullingham,James Cullingham,First Run Features,0
853,853,A_1252,B_0737,Attack of the Southern Fried Zombies,Comedy;Horror,53,2018-03-13,NOT RATED,Mark Newton,Christian Hokenson;Christian Hokenson,FilmQuake;Movie Magic and Entertainment,Attack of the Lederhosen Zombies,Comedy;Horror,50,2017-01-13,NOT RATED,Dominik Hartl,Armin Prediger;Dominik Hartl,,0
723,723,A_1035,B_1409,Rise of the Guardians,Adventure;Animation;Family,73,2012-11-21,PG,Peter Ramsey,David Lindsay-Abaire;William Joyce,DreamWorks Animation,Mr. Dynamite: The Rise of James Brown,Documentary;Musical,100,1900-1-1,NOT RATED,Alex Gibney,,,0
258,258,A_0393,B_2929,Shadowhunters: The Mortal Instruments,Action;Fantasy;Romance,65,1900-1-1,TV-14,,Ed Decter,Constantin Film;Don Carmody Television;Unique Features,The Mortal Instruments: City of Bones,Action;Adventure;Drama;Fantasy;Sci-Fi,13,2013-08-21,PG-13,Harald Zwart,I. Marlene King;Jessica Postigo Paquette,Sony Pictures,0
423,423,A_0646,B_1931,Robin Hood,Adventure,0,2018-11-21,PG-13,Otto Bathurst,Joby Harold,Appian Way;Lionsgate;Safehouse Pictures,The Last Of Robin Hood,Drama,30,2014-08-29,R,Richard Glatzer;Wash Westmoreland,Richard Glatzer;Wash Westmoreland,IDP/Samuel goldwyn Films,0
1164,1164,A_1736,B_2113,Pirates of the Caribbean: At World's End,Action;Adventure;Fantasy,71,2007-05-25,PG-13,Gore Verbinski,Ted Elliott;Terry Rossio,Jerry Bruckheimer Films;Second Mate Productions;Walt Disney Pictures,"Norte, the End of History",Drama,91,2014-06-20,NOT RATED,Lav Diaz,Lav Diaz;Rody Vera,Cinema Guild,0
1543,1543,A_2411,B_1358,Queen of the Damned,Drama;Fantasy;Horror,53,2002-02-22,R,Michael Rymer,Anne Rice;Scott Abbott,NPV Entertainment;Village Roadshow Pictures;Warner Bros.,Queen of Earth,Drama;Mystery;Thriller,92,2015-08-26,NOT RATED,Alex Ross Perry,Alex Ross Perry,,0
472,472,A_0679,B_1353,Knock Knock,Drama;Horror;Thriller,49,2015-10-09,R,Eli Roth,Eli Roth;Nicol�s L�pez,Black Bear Pictures;Camp Grey;Dragonfly Entertainment,Knock Knock,Drama;Horror;Mystery;Thriller,35,2015-10-09,R,Eli Roth,Eli Roth;Guillermo Amoedo;NicolÃÂ¡s LÃÂ³pez (III),Lionsgate Premiere,1
14,14,A_0019,B_0382,La casa de papel,Action;Mystery,88,1900-1-1,TV-MA,,�lex Pina,Vancouver Media,The Queen of Spain (La reina de EspaÃÂ±a),Comedy;Drama;Film-Noir,29,2017-08-18,NOT RATED,Fernando Trueba,Fernando Trueba,,0
857,857,A_1255,B_2700,Day of the Dead: Bloodline,Horror,34,2018-01-05,R,Hèctor Hernández Vicens,Lars Jacobson;Mark Tonderai,Nu Boyana Film Studios,Day of the Flowers,Comedy;Drama;Romance,58,1900-1-1,NOT RATED,John Roberts,Eirene Houston,,0
1841,1841,A_2873,B_1864,Wild,Adventure;Documentary;Drama,71,2014-12-19,R,Jean-Marc Vall�e,Cheryl Strayed;Nick Hornby,Bob Industries;Fox Searchlight Pictures;Pacific Standard,Wild,Drama,90,2014-12-03,R,Jean-Marc VallÃ©e,Nick Hornby,20th Century Fox,1
1255,1255,A_1872,B_0934,Me Before You,Drama;Romance,74,2016-06-03,PG-13,Thea Sharrock,Jojo Moyes;Jojo Moyes,Metro-Goldwyn-Mayer (MGM);New Line Cinema;Sunswept Entertainment,Me Before You,Drama,56,2016-06-03,PG-13,Thea Sharrock,Jojo Moyes,Warner Bros. Pictures,1
285,285,A_0432,B_1208,Life,Horror;Sci-Fi;Thriller,66,2017-03-24,R,Daniel Espinosa,Paul Wernick;Rhett Reese,Columbia Pictures;LStar Capital;Skydance Media,Life,Drama,63,2015-12-04,R,Anton Corbijn,Luke Davies,,1
737,737,A_1063,B_1493,Furious 7,Action;Thriller,72,2015-04-03,PG-13,James Wan,Chris Morgan;Gary Scott Thompson,China Film Co.;Media Rights Capital (MRC);Universal Pictures,Furious 7,Action;Adventure;Mystery;Thriller,80,2015-04-03,PG-13,James Wan,Chris Morgan,Universal Pictures,1
959,959,A_1447,B_1931,The Last of the Mohicans,Action;Adventure;Drama,78,1992-09-25,R,Michael Mann,James Fenimore Cooper;John L. Balderston,Morgan Creek Entertainment Group,The Last Of Robin Hood,Drama,30,2014-08-29,R,Richard Glatzer;Wash Westmoreland,Richard Glatzer;Wash Westmoreland,IDP/Samuel goldwyn Films,0
565,565,A_0804,B_0751,The Magnificent Seven,Action;Adventure;Western,69,2016-09-23,PG-13,Antoine Fuqua,Akira Kurosawa;Shinobu Hashimoto,Columbia Pictures;LStar Capital;Metro-Goldwyn-Mayer (MGM),The Magnificent Seven,Action;Adventure;Drama;Western,63,2016-09-23,PG-13,Antoine Fuqua,Nic Pizzolatto;Richard Wenk,,1
101,101,A_0199,B_1147,Star Wars: Rebels,Action;Adventure;Animation,80,1900-1-1,TV-Y7,,Carrie Beck;Dave Filoni;Simon Kinberg,CGCG Inc. (I);Disney XD;Disney-ABC Domestic Television,Star Wars: Episode VII - The Force Awakens,Action;Adventure;Fantasy;Sci-Fi,93,2015-12-18,PG-13,J.J. Abrams,J.J. Abrams;Lawrence Kasdan;Michael Arndt,Walt Disney Pictures,0
1773,1773,A_2727,B_1092,Deadpool,Action;Adventure;Animation,0,1900-1-1,NOT RATED,,,ABC Signature Studios;FX Productions;Fox Television Animation,Deadpool,Action;Adventure;Comedy;Fantasy;Sci-Fi,83,2016-02-12,R,Tim Miller,Paul Wernick;Rhett Reese,20th Century Fox,1
1552,1552,A_2414,B_2244,Legend of Cambria,Fantasy,80,1900-1-1,NOT RATED,,,Pull The Trigger Productions,Supermensch: The Legend of Shep Gordon,Documentary,77,2014-06-06,R,Beth Aala;Mike Myers,,Radius-TWC,0
267,267,A_0407,B_1435,The Lord of the Rings: The Return of the King,Adventure;Drama;Fantasy,89,2003-12-17,PG-13,Peter Jackson,Fran Walsh;J.R.R. Tolkien,New Line Cinema;The Saul Zaentz Company;WingNut Films,Drug Lord: The Legend Of Shorty,Documentary,63,2014-03-01,NOT RATED,Angus MacQueen;Guillermo Galdos,Angus MacQueen,,0
962,962,A_1455,B_0590,Star Wars: Episode II - Attack of the Clones,Action;Adventure;Fantasy,66,2002-05-16,PG,George Lucas,George Lucas;Jonathan Hales,Lucasfilm,Rogue One: A Star Wars Story,Action;Adventure;Drama;Fantasy;Sci-Fi,85,2016-12-16,PG-13,Gareth Edwards (V),Chris Weitz;George Lucas;Tony Gilroy,Walt Disney Pictures,0
396,396,A_0595,B_0123,The Snowman,Drama;Mystery,51,2017-10-20,R,Tomas Alfredson,Hossein Amini;Peter Straughan,Another Park Film;Perfect World Pictures;Universal Pictures,The Snowman,Drama;Mystery;Thriller,8,2017-10-20,R,Tomas Alfredson,Hossein Amini;Peter Straughan,Universal Studios,1
1743,1743,A_2711,B_1064,My Life as a Zucchini,Animation;Comedy;Drama,78,2017-02-24,PG-13,Claude Barras;Michael Sinterniklaas,C�line Sciamma;Gilles Paris,Blue Spirit Animation;G�b�ka Films;Rita Productions,One More Time (When I Live My Life Over Again),Comedy;Drama;Musical,50,2016-04-08,NOT RATED,Robert Edwards,Robert Edwards,,0
943,943,A_1416,B_2267,Transformers: Age of Extinction,Action;Adventure;Sci-Fi,57,2014-06-27,PG-13,Michael Bay,Ehren Kruger,Di Bonaventura Pictures;Hasbro;Paramount Pictures,Transformers: Age of Extinction,Action;Adventure;Fantasy;Sci-Fi,18,2014-06-27,PG-13,Michael Bay,Ehren Kruger,Paramount Pictures,1
188,188,A_0291,B_0039,The Last Man on Earth,Action;Comedy;Drama,74,1900-1-1,TV-14,,Will Forte,"20th Century Fox Television;Lord Miller;Si Fi Company, The",The Man From Earth: Holocene,Drama,60,2017-10-13,NOT RATED,Richard Schenkman,Emerson Bixby;Richard Schenkman,Falling Sky Entertainment,0
1234,1234,A_1848,B_1421,Middle School: The Worst Years of My Life,Animation;Comedy;Family,61,2016-10-07,PG,Steve Carr,Chris Bowman;Hubbel Palmer,CBS Films;James Patterson Entertainment;Participant Media,Winning: The Racing Life Of Paul Newman,Documentary,90,2015-05-08,NOT RATED,Adam Carolla;Nate Adams,Adam Carolla;Nate Adams,FilmBuff,0
1149,1149,A_1731,B_1751,The Secret Life of Walter Mitty,Adventure;Comedy;Drama,73,2013-12-25,PG,Ben Stiller,Steve Conrad;Steve Conrad,Samuel Goldwyn Films;TSG Entertainment;Twentieth Century Fox,Magician: The Astonishing Life and Work of Orson Welles,Documentary,72,2014-12-10,PG-13,Chuck Workman,,Cohen Media Group,0
1075,1075,A_1627,B_2607,Tourism Australia: Dundee - The Son of a Legend Returns Home,Comedy,82,2018-02-04,NOT RATED,Steve Rogers,,Rimfire Films,The Legend of Hercules,Action;Adventure;Fantasy;Sci-Fi,3,2014-01-10,PG-13,Renny Harlin,Daniel Giat;Sean Hood,Lionsgate Films,0
1651,1651,A_2579,B_2196,The Secret Life of the American Teenager,Comedy;Drama;Family,51,1900-1-1,TV-14,,Brenda Hampton,Brendavision,Life Of Crime,Comedy;Drama,65,2014-08-29,R,Daniel Schechter,Daniel Schechter,Roadside Atrractions,0
1349,1349,A_2022,B_1358,Journey to the Center of the Earth,Action;Adventure;Family,58,2008-07-11,PG,Eric Brevig,Jennifer Flackett;Michael D. Weiss,Mel's Cite du Cinema;New Line Cinema;Walden Media,Queen of Earth,Drama;Mystery;Thriller,92,2015-08-26,NOT RATED,Alex Ross Perry,Alex Ross Perry,,0
226,226,A_0380,B_0801,I Am Number Four,Action;Adventure;Sci-Fi,61,2011-02-18,PG-13,D.J. Caruso,Alfred Gough;Miles Millar,Bay Films;DreamWorks;Reliance Big Entertainment,I Am Bolt,Documentary,85,1900-1-1,PG,Benjamin Turner;Gabe Turner,,,0
233,233,A_0380,B_2182,I Am Number Four,Action;Adventure;Sci-Fi,61,2011-02-18,PG-13,D.J. Caruso,Alfred Gough;Miles Millar,Bay Films;DreamWorks;Reliance Big Entertainment,I am Yours,Drama,100,1900-1-1,NOT RATED,Iram Haq,Iram Haq,,0
941,941,A_1416,B_1527,Transformers: Age of Extinction,Action;Adventure;Sci-Fi,57,2014-06-27,PG-13,Michael Bay,Ehren Kruger,Di Bonaventura Pictures;Hasbro;Paramount Pictures,The Age of Adaline,Drama;Fantasy;Sci-Fi,56,2015-04-24,PG-13,Lee Toland Krieger,Allison Burnett;J. Mills Goodloe;Salvador Paskowitz,Lionsgate,0
1248,1248,A_1855,B_0336,Mary Queen of Scots,Documentary;Drama,0,2018-11-02,NOT RATED,Josie Rourke,Beau Willimon;John Guy,Focus Features;Perfect World Pictures;Working Title Films,Queen of the Desert,Drama,17,2017-04-07,PG-13,Werner Herzog,Werner Herzog,IFC Films,0
1900,1900,A_2939,B_0552,I Am the Pretty Thing That Lives in the House,Horror;Thriller,46,2016-10-28,NOT RATED,Oz Perkins,Oz Perkins,Go Insane Films;Paris Film;Zed Filmworks,I Am Heath Ledger,Documentary,88,2017-05-03,NOT RATED,Adrian Buitenhuis;Derik Murray,,Fathom Events,0
1844,1844,A_2880,B_1434,Prince of Persia: The Sands of Time,Action;Adventure;Fantasy,66,2010-05-28,PG-13,Mike Newell,Boaz Yakin;Doug Miro,Jerry Bruckheimer Films;Walt Disney Pictures,Seeds Of Time,Documentary,67,2015-05-22,NOT RATED,Sandy McLeod,,,0
1046,1046,A_1596,B_1199,Love,Drama;Romance,60,2015-10-30,NOT RATED,Gaspar Noé,Gaspar Noé,Les Cinémas de la Zone;RT Features;Rectangle Productions,Love,Drama;Film-Noir,39,2015-10-30,NOT RATED,Gaspar NoÃÂ©,Gaspar NoÃÂ©,,1
1896,1896,A_2931,B_0455,Resident Evil: Extinction,Action;Horror;Sci-Fi,63,2007-09-21,R,Russell Mulcahy,Paul W.S. Anderson,Constantin Film;Davis-Films;Screen Gems,Resident Evil: Vendetta,Animation;Mystery;Thriller,50,2017-06-19,R,Takanori Tsujimoto,Makoto Fukami,,0
1206,1206,A_1801,B_2481,I Know What You Did Last Summer,Horror;Mystery;Thriller,57,1997-10-17,R,Jim Gillespie,Kevin Williamson;Lois Duncan,Mandalay Entertainment;Summer Knowledge LLC,What Richard Did,Drama,94,2013-05-10,NOT RATED,Lenny Abrahamson,Malcolm Campbell,Tribeca Films,0
710,710,A_1015,B_0766,The Lion King 2: Simba's Pride,Adventure;Animation;Family,65,1998-10-26,G,Darrell Rooney;Rob LaDuca,Cindy Marcus;Flip Kobler,Disneytoon Studios;Walt Disney Animation Australia;Walt Disney Pictures,The Monkey King 2 (San Da Bai Gu Jing),Action;Adventure;Fantasy;Film-Noir;Sci-Fi,100,2014-01-25,NOT RATED,,,,0
1333,1333,A_1978,B_2011,National Treasure: Book of Secrets,Action;Adventure;Family,65,2007-12-21,PG,Jon Turteltaub,Cormac Wibberley;Marianne Wibberley,Jerry Bruckheimer Films;Junction Entertainment;Walt Disney Pictures,The Book of Life,Animation;Romance,82,2014-10-17,PG,Jorge R. Gutierrez,Douglas Langdale;Jorge R. Gutierrez,20th Century Fox,0
1632,1632,A_2558,B_2352,Aftermath,Drama;Thriller,57,2017-04-07,R,Elliott Lester,Javier Gullón,Emmett/Furla/Oasis Films (EFO Films);Hat and Cat Productions;Ingenious Media,Aftermath,Action;Adventure;Mystery;Thriller,47,2014-07-18,R,Peter Engert,Christian McDonald,,1
802,802,A_1163,B_0717,Never Let Me Go,Drama;Romance;Sci-Fi,72,2010-10-15,R,Mark Romanek,Alex Garland;Kazuo Ishiguro,DNA Films;Film4;Fox Searchlight Pictures,Jack Reacher: Never Go Back,Action;Adventure;Drama,37,2016-10-21,PG-13,Edward Zwick,Edward Zwick;Marshall Herskovitz;Richard Wenk,Paramount Pictures,0
1809,1809,A_2796,B_1402,Trainwreck,Comedy;Drama;Romance,62,2015-07-17,R,Judd Apatow,Amy Schumer,Apatow Productions;Dentsu;Universal Pictures,Trainwreck,Comedy,86,2015-07-17,R,Judd Apatow,Amy Schumer,Universal Pictures,1
518,518,A_0734,B_1134,Miraculous: Tales of Ladybug & Cat Noir,Action;Adventure;Animation,82,1900-1-1,TV-Y7,,,Method Animation;Toei Animation;Zagtoon,Tale of Tales (Il racconto dei racconti),Fantasy;Horror;Sci-Fi,82,2016-04-22,R,Matteo Garrone,Edoardo Albinati;Massimo Gaudioso;Matteo Garrone;Ugo Chiti,,0
180,180,A_0281,B_2745,King Arthur: Legend of the Sword,Action;Adventure;Drama,68,2017-05-12,PG-13,Guy Ritchie,Guy Ritchie;Joby Harold,Village Roadshow Pictures;Warner Bros.;Weed Road Pictures,Fists Of Legend,Action;Adventure;Drama,71,2013-04-12,R,Woo-Suk Kang,Jang Min-seok,CJ Entertainment America,0
1152,1152,A_1731,B_2011,The Secret Life of Walter Mitty,Adventure;Comedy;Drama,73,2013-12-25,PG,Ben Stiller,Steve Conrad;Steve Conrad,Samuel Goldwyn Films;TSG Entertainment;Twentieth Century Fox,The Book of Life,Animation;Romance,82,2014-10-17,PG,Jorge R. Gutierrez,Douglas Langdale;Jorge R. Gutierrez,20th Century Fox,0
1961,1961,A_2978,B_2048,The Wonderful World of Disney,Action;Adventure;Animation,73,1900-1-1,NOT RATED,,Dick Clair;Jenna McMahon,Walt Disney Television,The Expedition to the End of the World,Documentary,83,2014-08-20,NOT RATED,Daniel Dencik,Daniel Dencik;Janus Metz,Argot Pictures,0
1192,1192,A_1789,B_0487,Berlin Syndrome,Drama;Horror;Mystery,63,2017-05-26,R,Cate Shortland,Melanie Joosten;Shaun Grant,Aquarius Films;DDP Studios;Entertainment One,Berlin Syndrome,Drama;Film-Noir;Mystery;Thriller,73,2017-05-26,R,Cate Shortland,Shaun Grant (II),,1
1966,1966,A_2997,B_1058,45 Years,Drama;Romance,71,2015-08-28,R,Andrew Haigh,Andrew Haigh;David Constantine,"BFI Film Fund;British Film Institute (BFI);Bureau, The",45 Years,Drama,97,2015-12-23,R,Andrew Haigh,Andrew Haigh,Sundance Selects,1
270,270,A_0407,B_2448,The Lord of the Rings: The Return of the King,Adventure;Drama;Fantasy,89,2003-12-17,PG-13,Peter Jackson,Fran Walsh;J.R.R. Tolkien,New Line Cinema;The Saul Zaentz Company;WingNut Films,BB King: The Life of Riley,Documentary;Musical,86,2014-05-21,NOT RATED,Jon Brewer,,Syndctd Entertainment,0
1279,1279,A_1911,B_0608,The Book of Eli,Action;Adventure;Drama,69,2010-01-15,R,Albert Hughes;Allen Hughes,Gary Whitta,Alcon Entertainment;Silver Pictures,The Book Of Love,Drama,8,2017-01-13,PG-13,Bill Purple,Bill Purple;Robbie Pickering,,0
645,645,A_0923,B_0744,Miss Peregrine's Home for Peculiar Children,Adventure;Drama;Family,67,2016-09-30,PG-13,Tim Burton,Jane Goldman;Ransom Riggs,Chernin Entertainment;TSG Entertainment;Twentieth Century Fox,Miss Peregrine's Home for Peculiar Children,Family;Fantasy;Sci-Fi,63,2016-09-30,PG-13,Tim Burton,Jane Goldman,20th Century Fox,1
503,503,A_0724,B_0801,I Am Legend,Drama;Horror;Sci-Fi,72,2007-12-14,PG-13,Francis Lawrence,Akiva Goldsman;Mark Protosevich,Village Roadshow Pictures;Warner Bros.;Weed Road Pictures,I Am Bolt,Documentary,85,1900-1-1,PG,Benjamin Turner;Gabe Turner,,,0
611,611,A_0889,B_0145,The Space Between Us,Adventure;Drama;Romance,64,2017-02-03,PG-13,Peter Chelsom,Allan Loeb;Stewart Schill,Los Angeles Media Fund (LAMF);STX Entertainment;Southpaw Entertainment (I),The Mountain Between Us,Drama;Romance,41,2017-10-06,PG-13,Hany Abu-Assad,Chris Weitz;J. Mills Goodloe,20th Century Fox,0
1626,1626,A_2551,B_0291,War of the Worlds,Adventure;Sci-Fi;Thriller,65,2005-06-29,PG-13,Steven Spielberg,David Koepp;Josh Friedman,Amblin Entertainment;DreamWorks;Paramount Pictures,God of War,Action;Adventure;Drama;Film-Noir,78,2017-06-02,NOT RATED,Gordon Chan,Frankie Tam;Maria Wong;Wu Mengzhang;Xiong Zhaozheng,Well Go USA Entertainment,0
1897,1897,A_2931,B_0524,Resident Evil: Extinction,Action;Horror;Sci-Fi,63,2007-09-21,R,Russell Mulcahy,Paul W.S. Anderson,Constantin Film;Davis-Films;Screen Gems,Resident Evil: The Final Chapter,Action;Adventure;Fantasy;Horror;Sci-Fi,36,2017-01-27,R,Paul W.S. Anderson,Paul W.S. Anderson,Sony Pictures,0
1391,1391,A_2100,B_1127,Night of the Living Dead,Horror,79,1968-10-04,NOT RATED,George A. Romero,George A. Romero;John A. Russo,Image Ten;Laurel Group;Market Square Productions,Drunk Stoned Brilliant Dead: The Story of the National Lampoon,Documentary,87,2015-09-25,NOT RATED,Douglas Tirola,,Magnolia Pictures,0
49,49,A_0080,B_0321,The Death of Stalin,Comedy,72,2018-03-09,R,Armando Iannucci,Armando Iannucci;David Schneider,Gaumont;Main Journey;Quad Productions,The Death and Life of Marsha P. Johnson,Documentary,96,2017-10-06,NOT RATED,David France,David France;Mark Blaney,Netflix,0
1323,1323,A_1961,B_1995,House of Wax,Horror;Mystery;Thriller,53,2005-05-06,R,Jaume Collet-Serra,Chad Hayes;Charles Belden,Dark Castle Entertainment;Village Roadshow Pictures;Warner Bros.,Thunder and the House of Magic,Action;Adventure;Animation;Family;Film-Noir,71,2014-09-05,NOT RATED,Ben Stassen;Jeremie Degruson;Jeremy Degruson,Ben Stassen;Dominic Paris;Domonic Paris;James Flynn,Shout! Factory,0
1691,1691,A_2667,B_0321,The Tree of Life,Drama;Fantasy,68,2011-05-17,PG-13,Terrence Malick,Terrence Malick,Brace Cove Productions;Cottonwood Pictures;River Road Entertainment,The Death and Life of Marsha P. Johnson,Documentary,96,2017-10-06,NOT RATED,David France,David France;Mark Blaney,Netflix,0
1275,1275,A_1898,B_1923,Horrible Bosses 2,Action;Comedy,63,2014-11-26,R,Sean Anders,John Morris;Sean Anders,BenderSpink;New Line Cinema;RatPac Entertainment,Horrible Bosses 2,Comedy,34,2014-11-26,R,Sean Anders,John Morris (XIX);Jonathan Goldstein;Sean Anders,Warner Bros. Pictures,1
840,840,A_1218,B_0244,The Rift: Dark Side of the Moon,Horror;Sci-Fi;Thriller,36,2016-04-28,NOT RATED,Dejan Zecevic,Barry Keating;Milan Konjevic,BBO Star;Morein Group;Viktorija Film,From the Land of the Moon (Mal de pierres),Drama;Film-Noir;Romance,32,2017-07-28,R,Nicole Garcia,Jacques Fieschi;Nicole Garcia,IFC Films,0
321,321,A_0472,B_1925,Big Hero 6,Action;Adventure;Animation,78,2014-11-07,PG,Chris Williams;Don Hall,Jordan Roberts;Robert L. Baird,FortyFour Studios;Walt Disney Animation Studios;Walt Disney Pictures,Big Hero 6,Animation;Family,89,2014-11-07,PG,Chris Williams (IX);Don Hall,Daniel Gerson;Jordan Roberts,Walt Disney Pictures,1
1189,1189,A_1772,B_1881,Outcast,Drama;Horror,75,1900-1-1,TV-MA,,Robert Kirkman,Circle of Confusion;Fox International Studios;Skybound Entertainment,Outcast,Action;Adventure,5,2015-02-06,NOT RATED,Nicholas Powell,James Dormer,Eone Films,1
